{"cameraMode":{"drawMode":0,"name":"Shaded","section":"Shading Mode"},"sceneLighting":true,"audioPlay":false,"sceneViewState":{"m_AlwaysRefresh":false,"showFog":true,"showSkybox":true,"showFlares":true,"showImageEffects":true,"showParticleSystems":true,"showVisualEffectGraphs":true,"m_FxEnabled":true},"in2DMode":false,"pivot":{"x":-1.915806770324707,"y":0.4017515182495117,"z":14.395292282104493},"rotation":{"x":-0.061138980090618137,"y":0.14233767986297608,"z":-0.008807717822492123,"w":-0.9878897666931152},"size":9.12024974822998,"orthographic":false}